{
	"format_version": "1.8.0",
	"animations": {
		"overhand_strike": {
			"loop": true,
			"animation_length": 1,
			"bones": {
				"body": {
					"rotation": {
						"0.0": {
							"vector": [0, 0, 0]
						},
						"0.5": {
							"vector": [-35, 60, 0]
						},
						"0.5833": {
							"vector": [-35, 60, 0]
						},
						"0.75": {
							"vector": [91.2835, -66.423, -76.8108]
						},
						"0.8333": {
							"vector": [91.2835, -66.423, -76.8108]
						},
						"1.0": {
							"vector": [0, 0, 0]
						}
					}
				},
				"torso": {
					"rotation": {
						"0.0": {
							"vector": [0, 0, 0]
						},
						"1.0": {
							"vector": [0, 0, 0]
						}
					},
					"position": {
						"0.0": {
							"vector": [0, 0, 0]
						},
						"1.0": {
							"vector": [0, 0, 0]
						}
					}
				},
				"head": {
					"rotation": {
						"0.0": {
							"vector": [0, 0, 0]
						},
						"1.0": {
							"vector": [0, 0, 0]
						}
					},
					"position": {
						"0.0": {
							"vector": [0, 0, 0]
						},
						"1.0": {
							"vector": [0, 0, 0]
						}
					}
				},
				"right_arm": {
					"rotation": {
						"0.0": {
							"vector": [-25.3113, -16.6658, -31.2326]
						},
						"0.5": {
							"vector": [-148.5325, 11.5323, -65.3416]
						},
						"0.5833": {
							"vector": [-148.5325, 11.5323, -65.3416]
						},
						"0.75": {
							"vector": [-16.0325, 11.5323, -65.3416]
						},
						"0.8333": {
							"vector": [-16.0325, 11.5323, -65.3416]
						},
						"1.0": {
							"vector": [-25.3113, -16.6658, -31.2326]
						}
					},
					"position": {
						"0.0": {
							"vector": [0, 0, 0]
						},
						"0.5": {
							"vector": [3, 0, 0]
						},
						"0.5833": {
							"vector": [3, 0, 0]
						},
						"0.75": {
							"vector": [6.28398, 1.33859, -2.32887]
						},
						"0.8333": {
							"vector": [6.28398, 1.33859, -2.32887]
						},
						"1.0": {
							"vector": [0, 0, 0]
						}
					}
				},
				"left_arm": {
					"rotation": {
						"0.0": {
							"vector": [-28.2492, 16.7796, 28.2494]
						},
						"0.5": {
							"vector": [-160.26, 12.61, -74.8346]
						},
						"0.5833": {
							"vector": [-160.26, 12.61, -74.8346]
						},
						"0.75": {
							"vector": [-4.9109, 7.993, -72.8831]
						},
						"0.8333": {
							"vector": [-4.9109, 7.993, -72.8831]
						},
						"1.0": {
							"vector": [-28.2492, 16.7796, 28.2494]
						}
					},
					"position": {
						"0.0": {
							"vector": [0, 0, 0]
						},
						"0.5": {
							"vector": [-3.87807, -0.55053, -3.28644]
						},
						"0.5833": {
							"vector": [-3.87807, -0.55053, -3.28644]
						},
						"0.75": {
							"vector": [-3.94326, 0.09168, -0.59558]
						},
						"0.8333": {
							"vector": [-3.94326, 0.09168, -0.59558]
						},
						"1.0": {
							"vector": [0, 0, 0]
						}
					}
				},
				"right_leg": {
					"rotation": {
						"0.0": {
							"vector": [0, 0, 0]
						},
						"0.5": {
							"vector": [32.5, 0, 0]
						},
						"0.5833": {
							"vector": [32.5, 0, 0]
						},
						"0.75": {
							"vector": [38.75, 0, 0]
						},
						"0.8333": {
							"vector": [38.75, 0, 0]
						},
						"1.0": {
							"vector": [0, 0, 0]
						}
					}
				},
				"left_leg": {
					"rotation": {
						"0.0": {
							"vector": [0, 0, 0]
						},
						"0.5": {
							"vector": [-29.9054, -2.4975, -4.333]
						},
						"0.5833": {
							"vector": [-29.9054, -2.4975, -4.333]
						},
						"0.75": {
							"vector": [-42.4244, 2.1264, 1.5231]
						},
						"0.8333": {
							"vector": [-42.4244, 2.1264, 1.5231]
						},
						"1.0": {
							"vector": [0, 0, 0]
						}
					}
				}
			}
		}
	}
}