{
	"format_version": "1.8.0",
	"animations": {
		"idle": {
			"loop": true,
			"animation_length": 1.5,
			"bones": {
				"rightHand": {
					"rotation": {
						"0.0": {
							"vector": [0, 0, 0]
						},
						"0.5": {
							"vector": [-86.79925, -29.54363, -4.26773]
						},
						"1.0": {
							"vector": [-86.79925, -29.54363, -4.26773]
						},
						"1.25": {
							"vector": [0, 0, 0]
						},
						"1.5": {
							"vector": [0, 0, 0]
						}
					},
					"position": {
						"0.0": {
							"vector": [0, 0, 0]
						},
						"0.5": {
							"vector": [1.19, -0.05, -2.08]
						},
						"0.625": {
							"vector": [1.48532, -0.05713, -2.60587]
						},
						"0.7083": {
							"vector": [0.49979, -0.02191, -0.87275]
						},
						"0.7917": {
							"vector": [1.49021, -0.05809, -2.60725]
						},
						"0.875": {
							"vector": [0.49979, -0.02191, -0.87275]
						}
					}
				},
				"legLeft": {
					"rotation": {
						"0.0": {
							"vector": [0, -15, 0]
						},
						"0.75": {
							"vector": [-30, -15, 0]
						},
						"1.5": {
							"vector": [0, -15, 0]
						}
					}
				},
				"legLeft2": {
					"rotation": {
						"0.0": {
							"vector": [0, 0, 0]
						},
						"0.75": {
							"vector": [45, 0, 0]
						},
						"1.5": {
							"vector": [0, 0, 0]
						}
					}
				},
				"legLeft3": {
					"rotation": {
						"0.0": {
							"vector": [0, 0, 0]
						},
						"0.75": {
							"vector": [-15, 0, 0]
						},
						"1.5": {
							"vector": [0, 0, 0]
						}
					}
				},
				"nose": {
					"scale": {
						"0.0": {
							"vector": [1, 1, 1]
						},
						"0.125": {
							"vector": [1.2, 1.3, 1]
						},
						"0.25": {
							"vector": [1, 1, 1]
						},
						"0.375": {
							"vector": [1.2, 1.3, 1]
						},
						"0.4583": {
							"vector": [1, 1, 1]
						},
						"1.5": {
							"vector": [1, 1, 1]
						}
					}
				},
				"earLeft": {
					"rotation": {
						"0.0": {
							"vector": [0, 0, 0]
						},
						"1.0833": {
							"vector": [0, 0, 0]
						},
						"1.25": {
							"vector": [57.08199, 9.7183, 69.76523]
						},
						"1.375": {
							"vector": [0, 0, 0]
						},
						"1.5": {
							"vector": [0, 0, 0]
						}
					}
				},
				"earRight": {
					"rotation": {
						"0.75": {
							"vector": [0, 0, 0]
						},
						"0.875": {
							"vector": [87.02424, -12.43505, -86.11419]
						},
						"1.0": {
							"vector": [0, 0, 0]
						}
					}
				},
				"legRight": {
					"rotation": {
						"0.0": {
							"vector": [0, 15, 0]
						},
						"0.75": {
							"vector": [-30, 15, 0]
						},
						"1.5": {
							"vector": [0, 15, 0]
						}
					}
				},
				"legRight2": {
					"rotation": {
						"0.0": {
							"vector": [0, 0, 0]
						},
						"0.75": {
							"vector": [57.5, 0, 0]
						},
						"1.5": {
							"vector": [0, 0, 0]
						}
					}
				},
				"legLeft4": {
					"rotation": {
						"0.0": {
							"vector": [0, 0, 0]
						},
						"0.75": {
							"vector": [-27.5, 0, 0]
						},
						"1.5": {
							"vector": [0, 0, 0]
						}
					}
				},
				"gnoblar": {
					"position": {
						"0.0": {
							"vector": [0, 0, 0]
						},
						"0.75": {
							"vector": [0, -2, 0]
						},
						"1.5": {
							"vector": [0, 0, 0]
						}
					}
				}
			}
		},
		"walk": {
			"loop": true,
			"animation_length": 1.0256,
			"bones": {
				"leftHand": {
					"rotation": {
						"0.0": {
							"vector": [0, 0, 0]
						},
						"0.2564": {
							"vector": [-35, 0, 0]
						},
						"0.5128": {
							"vector": [0, 0, 0]
						},
						"0.7692": {
							"vector": [35, 0, 0]
						},
						"1.0256": {
							"vector": [0, 0, 0]
						}
					}
				},
				"rightHand": {
					"rotation": {
						"0.0": {
							"vector": [0, 0, 0]
						},
						"0.2564": {
							"vector": [35, 0, 0]
						},
						"0.5128": {
							"vector": [0, 0, 0]
						},
						"0.7692": {
							"vector": [-35, 0, 0]
						},
						"1.0256": {
							"vector": [0, 0, 0]
						}
					}
				},
				"legLeft": {
					"rotation": {
						"0.0": {
							"vector": [0, 0, 0]
						},
						"0.2564": {
							"vector": [50, 0, 0]
						},
						"0.5128": {
							"vector": [0, 0, 0]
						},
						"0.6838": {
							"vector": [-72.5, 0, 0]
						},
						"0.7692": {
							"vector": [-37.5, 0, 0]
						},
						"1.0256": {
							"vector": [0, 0, 0]
						}
					}
				},
				"legLeft2": {
					"rotation": {
						"0.0": {
							"vector": [0, 0, 0]
						},
						"0.6838": {
							"vector": [40, 0, 0]
						},
						"1.0256": {
							"vector": [0, 0, 0]
						}
					}
				},
				"legLeft3": {
					"rotation": {
						"0.0": {
							"vector": [0, 0, 0]
						},
						"0.2564": {
							"vector": [-50, 0, 0]
						},
						"0.5128": {
							"vector": [0, 0, 0]
						},
						"0.7692": {
							"vector": [7.5, 0, 0]
						},
						"1.0256": {
							"vector": [0, 0, 0]
						}
					}
				},
				"nose": {
					"scale": {
						"0.0": {
							"vector": [1, 1, 1]
						},
						"0.1068": {
							"vector": [1.3, 1.3, 1]
						},
						"0.1923": {
							"vector": [1, 1, 1]
						},
						"0.2778": {
							"vector": [1.3, 1.3, 1]
						},
						"0.3632": {
							"vector": [1, 1, 1]
						}
					}
				},
				"earLeft": {
					"rotation": {
						"0.0": {
							"vector": [0, 0, 0]
						},
						"0.4487": {
							"vector": [0, 0, 0]
						},
						"0.5769": {
							"vector": [76.5498, 4.20738, 80.95893]
						},
						"0.7051": {
							"vector": [0, 0, 0]
						}
					}
				},
				"earRight": {
					"rotation": {
						"0.0": {
							"vector": [0, 0, 0]
						},
						"0.1068": {
							"vector": [64.96013, -14.80155, -69.71408]
						},
						"0.1923": {
							"vector": [0, 0, 0]
						}
					}
				},
				"legRight": {
					"rotation": {
						"0.0": {
							"vector": [0, 0, 0]
						},
						"0.1709": {
							"vector": [-75, 0, 0]
						},
						"0.2564": {
							"vector": [-50, 0, 0]
						},
						"0.5128": {
							"vector": [0, 0, 0]
						},
						"0.7692": {
							"vector": [50, 0, 0]
						},
						"1.0256": {
							"vector": [0, 0, 0]
						}
					}
				},
				"legRight2": {
					"rotation": {
						"0.0": {
							"vector": [0, 0, 0]
						},
						"0.1709": {
							"vector": [37.5, 0, 0]
						},
						"0.5128": {
							"vector": [0, 0, 0]
						},
						"1.0256": {
							"vector": [0, 0, 0]
						}
					}
				},
				"legLeft4": {
					"rotation": {
						"0.0": {
							"vector": [0, 0, 0]
						},
						"0.2564": {
							"vector": [12.5, 0, 0]
						},
						"0.5128": {
							"vector": [0, 0, 0]
						},
						"0.7692": {
							"vector": [-50, 0, 0]
						},
						"1.0256": {
							"vector": [0, 0, 0]
						}
					}
				},
				"gnoblar": {
					"position": {
						"0.0": {
							"vector": [0, 0, 0]
						},
						"0.2564": {
							"vector": [0, -2, 0]
						},
						"0.5128": {
							"vector": [0, 0, 0]
						},
						"0.7692": {
							"vector": [0, -2, 0]
						},
						"1.0256": {
							"vector": [0, 0, 0]
						}
					}
				}
			}
		},
		"attack": {
			"loop": true,
			"animation_length": 0.75,
			"bones": {
				"body": {
					"rotation": {
						"0.0": {
							"vector": [0, 0, 0]
						},
						"0.25": {
							"vector": [-22.5, 0, 0]
						},
						"0.5": {
							"vector": [5, 0, 0]
						},
						"0.75": {
							"vector": [0, 0, 0]
						}
					}
				},
				"leftHand": {
					"rotation": {
						"0.0": {
							"vector": [0, 0, 0]
						},
						"0.25": {
							"vector": [0, 0, -30]
						},
						"0.75": {
							"vector": [0, 0, 0]
						}
					}
				},
				"rightHand": {
					"rotation": {
						"0.0": {
							"vector": [0, 0, 0]
						},
						"0.25": {
							"vector": [4.60133, 2.89391, 147.58907]
						},
						"0.5": {
							"vector": [-99.97528, -7.57131, 143.16171]
						},
						"0.75": {
							"vector": [0, 0, 0]
						}
					},
					"position": {
						"0.0": {
							"vector": [0, 0, 0]
						},
						"0.5": {
							"vector": [0, -0.43288, -1.95259]
						},