{
	"format_version": "1.8.0",
	"animations": {
		"idle": {
			"loop": true,
			"animation_length": 1.125,
			"bones": {
				"fang": {
					"position": {
						"0.0": {
							"vector": [-11.41069, -24.47031, 0]
						},
						"0.375": {
							"vector": [0.00069, 0.00031, 0]
						}
					}
				},
				"fang2": {
					"position": {
						"0.0": {
							"vector": [-8.04347, -19.03246, -3.75073]
						},
						"0.4583": {
							"vector": [0.38649, 0.90877, 0.17934]
						}
					}
				},
				"fang3": {
					"position": {
						"0.0": {
							"vector": [1.9209, -19.03246, 8.66461]
						},
						"0.375": {
							"vector": [-0.18384, 1.81508, -0.82981]
						}
					}
				},
				"fang4": {
					"position": {
						"0.0": {
							"vector": [-1.98145, -26.54494, -4.52105]
						},
						"0.375": {
							"vector": [0.07483, 0.98809, 0.1685]
						}
					}
				},
				"fang5": {
					"position": {
						"0.0": {
							"vector": [0.42399, -20.84508, -9.71097]
						},
						"0.3333": {
							"vector": [-0.04086, 1.80769, 0.8454]
						}
					}
				},
				"fang6": {
					"position": {
						"0.0": {
							"vector": [8.42649, -19.93877, 3.92934]
						},
						"0.3333": {
							"vector": [-0.76253, 1.81139, -0.35655]
						}
					}
				},
				"fang7": {
					"position": {
						"0.0": {
							"vector": [7.47091, -22.65769, -7.47091]
						},
						"0.25": {
							"vector": [-0.00091, -0.00231, 0.00091]
						}
					}
				},
				"fang8": {
					"position": {
						"0.0": {
							"vector": [27.2693, -13.74551, -9.56276]
						},
						"0.25": {
							"vector": [-1.70363, 0.85461, 0.60043]
						}
					}
				},
				"fang9": {
					"position": {
						"0.0": {
							"vector": [8.1688, -12.45687, -24.88166]
						},
						"0.25": {
							"vector": [0.0012, -0.00313, 0.00166]
						}
					}
				},
				"fang10": {
					"position": {
						"0.0": {
							"vector": [-27.91467, -13.31596, 2.11101]
						},
						"0.25": {
							"vector": [0.00467, -0.00404, -0.00101]
						}
					}
				},
				"fang11": {
					"position": {
						"0.0": {
							"vector": [2.65267, -17.78823, 22.74956]
						},
						"0.25": {
							"vector": [-0.18561, 1.225, -1.56849]
						}
					}
				},
				"fang15": {
					"position": {
						"0.0": {
							"vector": [24.98194, -13.31596, -12.6328]
						},
						"0.125": {
							"vector": [0.80393, -0.43358, -0.40471]
						}
					}
				},
				"fang12": {
					"position": {
						"0.0": {
							"vector": [-17.46375, -12.45687, -19.51522]
						},
						"0.125": {
							"vector": [0.00375, -0.00313, -0.00478]
						}
					}
				},
				"fang13": {
					"position": {
						"0.0": {
							"vector": [-23.86509, -13.74551, 16.29473]
						},
						"0.125": {
							"vector": [-0.00491, -0.00449, -0.00473]
						}
					}
				},
				"fang14": {
					"position": {
						"0.0": {
							"vector": [15.03729, -14.60461, 26.76911]
						},
						"0.125": {
							"vector": [-0.43956, 0.43415, -0.78644]
						}
					}
				}
			}
		},
		"spawn": {
			"loop": true,
			"animation_length": 1.75,
			"bones": {
				"fang": {
					"position": {
						"0.0": {
							"vector": [-11.41, -24.47, 0]
						},
						"0.4167": {
							"vector": [-11.41069, -24.47031, 0]
						},
						"0.75": {
							"vector": [-1.27, -2.72, 0]
						},
						"0.7917": {
							"vector": [0.00069, 0.00031, 0]
						},
						"1.25": {
							"vector": [-1.27, -2.72, 0]
						},
						"1.75": {
							"vector": [-11.41, -24.47, 0]
						}
					}
				},
				"fang2": {
					"position": {
						"0.0": {
							"vector": [-8.04, -19.03, -3.75]
						},
						"0.4167": {
							"vector": [-8.04347, -19.03246, -3.75073]
						},
						"0.75": {
							"vector": [-1.91, -4.53, -0.89]
						},
						"0.875": {
							"vector": [0.38649, 0.90877, 0.17934]
						},
						"1.25": {
							"vector": [-1.91, -4.53, -0.89]
						},
						"1.75": {
							"vector": [-8.04, -19.03, -3.75]
						}
					}
				},
				"fang3": {
					"position": {
						"0.0": {
							"vector": [1.92, -19.03, 8.66]
						},
						"0.4167": {
							"vector": [1.9209, -19.03246, 8.66461]
						},
						"0.75": {
							"vector": [0.05, -0.5, 0.23]
						},
						"0.7917": {
							"vector": [-0.18384, 1.81508, -0.82981]
						},
						"1.25": {
							"vector": [0.05, -0.5, 0.23]
						},
						"1.75": {
							"vector": [1.92, -19.03, 8.66]
						}
					}
				},
				"fang4": {
					"position": {
						"0.0": {
							"vector": [-1.98, -26.54, -4.52]
						},
						"0.4167": {
							"vector": [-1.98145, -26.54494, -4.52105]
						},
						"0.75": {
							"vector": [-0.15, -2.07, -0.35]
						},
						"0.7917": {
							"vector": [0.07483, 0.98809, 0.1685]
						},
						"1.25": {
							"vector": [-0.15, -2.07, -0.35]
						},
						"1.75": {
							"vector": [-1.98, -26.54, -4.52]
						}
					}
				},
				"fang5": {
					"position": {
						"0.0": {
							"vector": [0.42, -20.85, -9.71]
						},
						"0.4167": {
							"vector": [0.42399, -20.84508, -9.71097]
						},
						"0.75": {
							"vector": [-0.04086, 1.80769, 0.8454]
						},
						"1.25": {
							"vector": [-0.04086, 1.80769, 0.8454]
						},
						"1.75": {
							"vector": [0.42, -20.85, -9.71]
						}
					}
				},
				"fang6": {
					"position": {
						"0.0": {
							"vector": [8.43, -19.94, 3.93]
						},
						"0.4167": {
							"vector": [8.42649, -19.93877, 3.92934]
						},
						"0.75": {
							"vector": [-0.76253, 1.81139, -0.35655]
						},
						"1.25": {
							"vector": [-0.76253, 1.81139, -0.35655]
						},
						"1.75": {
							"vector": [8.43, -19.94, 3.93]
						}
					}
				},
				"fang7": {
					"position": {
						"0.0": {
							"vector": [7.47, -22.66, -7.47]
						},
						"0.4167": {
							"vector": [7.47091, -22.65769, -7.47091]
						},
						"0.6667": {
							"vector": [-0.00091, -0.00231, 0.00091]
						},
						"0.75": {
							"vector": [0, 0, 0]
						},
						"1.25": {
							"vector": [0, 0, 0]
						},
						"1.75": {
							"vector": [7.47, -22.66, -7.47]
						}
					}
				},
				"fang8": {
					"position": {
						"0.0": {
							"vector": [27.27, -13.75, -9.56]
						},
						"0.4167": {
							"vector": [27.2693, -13.74551, -9.56276]
						},
						"0.6667": {
							"vector": [-1.70363, 0.85461, 0.60043]
						},
						"0.75": {
							"vector": [-1.7, 0.85, 0.6]
						},
						"1.25": {
							"vector": [-1.7, 0.85, 0.6]
						},
						"1.75": {
							"vector": [27.27, -13.75, -9.56]
						}
					}
				},
				"fang9": {
					"position": {
						"0.0": {
							"vector": [8.17, -12.46, -24.88]
						},
						"0.4167": {
							"vector": [8.1688, -12.45687, -24.88166]
						},
						"0.6667": {
							"vector": [0.0012, -0.00313, 0.00166]
						},
						"0.75": {
							"vector": [0, 0, 0]
						},
						"1.25": {
							"vector": [0, 0, 0]
						},
						"1.75": {
							"vector": [8.17, -12.46, -24.88]
						}
					}
				},
				"fang10": {
					"position": {
						"0.0": {
							"vector": [-27.91, -13.32, 2.11]
						},
						"0.4167": {
							"vector": [-27.91467, -13.31596, 2.11101]
						},
						"0.6667": {
							"vector": [0.00467, -0.00404, -0.00101]
						},
						"0.75": {
							"vector": [0, 0, 0]
						},
						"1.25": {
							"vector": [0, 0, 0]
						},
						"1.75": {
							"vector": [-27.91, -13.32, 2.11]
						}
					}
				},
				"fang11": {
					"position": {
						"0.0": {
							"vector": [2.65, -17.79, 22.75]
						},
						"0.4167": {
							"vector": [2.65267, -17.78823, 22.74956]
						},
						"0.6667": {
							"vector": [-0.18561, 1.225, -1.56849]
						},
						"0.75": {
							"vector": [-0.19, 1.23, -1.57]
						},
						"1.25": {
							"vector": [-0.19, 1.23, -1.57]
						},
						"1.75": {
							"vector": [2.65, -17.79, 22.75]
						}
					}
				},
				"fang15": {
					"position": {
						"0.0": {
							"vector": [24.98, -13.32, -12.63]
						},
						"0.4167": {
							"vector": [24.98194, -13.31596, -12.6328]
						},