{
	"format_version": "1.8.0",
	"animations": {
		"shoot": {
			"loop": true,
			"animation_length": 0.75,
			"bones": {
				"hellblaster_volley_gun": {
					"position": {
						"0": [0, 0, 0],
						"0.25": [0, 0, 0],
						"0.375": [0, 0, 2],
						"0.75": [0, 0, 0]
					}
				},
				"gun_platform": {
					"rotation": {
						"0.25": [0, 0, 0],
						"0.3333": [-10, 0, 0],
						"0.75": [0, 0, 0]
					}
				},
				"gun7": {
					"scale": {
						"0": [1, 1, 1]
					}
				},
				"gun8": {
					"scale": {
						"0": [1, 1, 1]
					}
				},
				"guns": {
					"rotation": {
						"0": [0, 0, 0],
						"0.25": [0, 0, 120],
						"0.75": [0, 0, 120]
					}
				},
				"gun2": {
					"scale": {
						"0.25": [1, 1, 1],
						"0.3333": [1.4, 1.4, 1],
						"0.5": [1, 1, 1]
					}
				},
				"gun3": {
					"scale": {
						"0.25": [1, 1, 1],
						"0.3333": [1.4, 1.4, 1],
						"0.5": [1, 1, 1]
					}
				},
				"gun4": {
					"scale": {
						"0.25": [1, 1, 1],
						"0.3333": [1.4, 1.4, 1],
						"0.5": [1, 1, 1]
					}
				},
				"fire": {
					"rotation": {
						"0": [0, 0, 0],
						"0.1667": [-70, 0, 0],
						"0.25": [57.5, 0, 0],
						"0.6667": [0, 0, 0]
					}
				},
				"fire2": {
					"rotation": {
						"0": [0, 0, 0],
						"0.125": [-70, 0, 0],
						"0.2083": [55, 0, 0],
						"0.7083": [0, 0, 0]
					}
				},
				"fire3": {
					"rotation": {
						"0": [0, 0, 0],
						"0.1667": [-70, 0, 0],
						"0.25": [55, 0, 0],
						"0.75": [0, 0, 0]
					}
				},
				"valve": {
					"rotation": {
						"0": [0, 0, 0],
						"0.25": [-92.5, 0, 0],
						"0.75": [-92.5, 0, 0]
					}
				},
				"bone2": {
					"rotation": {
						"0": [0, 0, 0],
						"0.25": [0, 0, 0],
						"0.375": [12.5, 0, 0],
						"0.75": [0, 0, 0]
					}
				},
				"crew": {
					"rotation": {
						"0": [0, 42.5, 0],
						"0.5": [0, 42.5, 0],
						"0.75": [0, 42.5, 0]
					}
				},
				"Right Arm": {
					"rotation": {
						"0": [0, 0, 0],
						"0.25": [-165, 0, 0],
						"0.3333": [-7.5, 0, 0]
					}
				},
				"Head": {
					"rotation": {
						"0": [0, -45, 0],
						"0.5": [0, -45, 0],
						"0.75": [0, -45, 0]
					}
				},
				"crew2": {
					"rotation": {
						"0": [0, -87.5, 0]
					}
				},
				"Right_Arm2": {
					"rotation": {
						"0": [-70, 0, 0],
						"0.25": [-105.70802, -16.27014, 53.30854],
						"0.75": [-70, 0, 0]
					}
				},
				"Left_Arm2": {
					"rotation": {
						"0": [-67.5, 0, 0],
						"0.25": [-29.17162, 31.9164, 23.32765],
						"0.75": [-67.5, 0, 0]
					},
					"position": {
						"0": [0, 0, 0],
						"0.25": [-1.16478, -1.39949, -0.82748],
						"0.75": [0, 0, 0]
					}
				}
			}
		},
		"attack": {
			"loop": true,
			"animation_length": 1,
			"bones": {
				"hellblaster_volley_gun": {
					"position": {
						"0": [0, 0, 0],
						"1": [0, 0, 0],
						"0.5": [0, 0, 10],
						"0.625": [0, 0, -5]
					}
				},
				"guns": {
					"rotation": {
						"0": [0, 0, 0],
						"1": [0, 0, 0]
					}
				},
				"crew": {
					"rotation": {
						"0": [0, 42.5, 0],
						"1": [0, 42.5, 0],
						"0.5": [0, 42.5, 0]
					}
				},
				"Left Arm": {
					"rotation": {
						"0": [-77.5, 20, 0]
					}
				},
				"Right Arm": {
					"rotation": {
						"0": [-77.5, 0, 0]
					},
					"position": {
						"0": [0, 0, -1]
					}
				},
				"body": {
					"rotation": {
						"0": [16.59531, 22.52101, 20.36057],
						"1": [16.59531, 22.52101, 20.36057],
						"0.5": [-7.96259, 26.6351, -34.85368],
						"0.625": [23.79326, 14.64939, 42.63641]
					}
				},
				"Head": {
					"rotation": {
						"0": [-46.25709, -67.27608, 27.45756]
					}
				},
				"Right Leg": {
					"rotation": {
						"0": [0, 0, 0],
						"1": [0, 0, 0],
						"0.5": [0, 0, 0],
						"0.625": [59.55435, -33.48545, 17.96717]
					}
				},
				"leftLeg": {
					"rotation": {
						"0": [0, 0, 0],
						"1": [0, 0, 0],
						"0.5": [-57.5, 0, 0],
						"0.625": [-7.5, 0, 0]
					}
				},
				"crew2": {
					"rotation": {
						"0": [0, -87.5, 0],
						"1": [0, -87.5, 0]
					},
					"position": {
						"0": [0, 0, 3],
						"1": [0, 0, 3]
					}
				},
				"body2": {
					"rotation": {
						"0": [0, 0, 0],
						"1": [0, 0, 0],
						"0.5": [0, 0, 35],
						"0.625": [0, 0, -40]
					}
				},
				"Right_Arm2": {
					"rotation": {
						"0": [-71.87242, 19.6835, 3.61644]
					}
				},
				"Left_Arm2": {
					"rotation": {
						"0": [-73.612, 15.54585, -1.95014]
					}
				},
				"Right_Leg2": {
					"rotation": {
						"0": [0, 0, 0],
						"1": [0, 0, 0],
						"0.5": [0, 0, 45],
						"0.625": [0, 0, 7.5]
					}
				},
				"leftLeg2": {
					"rotation": {
						"0": [0, 0, 0],
						"1": [0, 0, 0],
						"0.5": [0, 0, 0],
						"0.625": [0, 0, -47.5]
					}
				}
			}
		},
		"idle": {
			"loop": true,
			"animation_length": 1,
			"bones": {
				"guns": {
					"rotation": {
						"0": [0, 0, 0],
						"1": [0, 0, 0]
					}
				},
				"crew": {
					"rotation": {
						"0": [0, 42.5, 0],
						"1": [0, 42.5, 0],
						"0.5": [0, 42.5, 0]
					}
				},
				"Left Arm": {
					"rotation": {
						"0": [-77.5, 20, 0]
					}
				},
				"Right Arm": {
					"rotation": {
						"0": [-77.5, 0, 0]
					},
					"position": {
						"0": [0, 0, -1]
					}
				},
				"body": {
					"rotation": {
						"0": [16.59531, 22.52101, 20.36057]
					}
				},
				"Head": {
					"rotation": {
						"0": [-46.25709, -67.27608, 27.45756]
					}
				},
				"crew2": {
					"rotation": {
						"0": [0, -87.5, 0]
					},
					"position": {
						"0": [0, 0, 3]
					}
				},
				"Right_Arm2": {
					"rotation": {
						"0": [-71.87242, 19.6835, 3.61644]
					}
				},
				"Left_Arm2": {
					"rotation": {
						"0": [-73.612, 15.54585, -1.95014]
					}
				}
			}
		},
		"walk_chase": {
			"loop": true,
			"animation_length": 1,
			"bones": {
				"guns": {
					"rotation": {
						"0": [0, 0, 0],
						"1": [0, 0, 0]
					}
				},
				"crew": {
					"rotation": {
						"0": [0, 42.5, 0],
						"1": [0, 42.5, 0],
						"0.5": [0, 42.5, 0]
					}
				},
				"Left Arm": {
					"rotation": {
						"0": [-77.5, 20, 0]
					}
				},
				"Right Arm": {
					"rotation": {
						"0": [-77.5, 0, 0]
					},
					"position": {
						"0": [0, 0, -1]
					}
				},
				"body": {
					"rotation": {
						"0": [16.59531, 22.52101, 20.36057]
					}
				},
				"Head": {
					"rotation": {
						"0": [-46.25709, -67.27608, 27.45756]
					}
				},
				"crew2": {
					"rotation": {
						"0": [0, -87.5, 0]
					},
					"position": {
						"0": [0, 0, 3]
					}
				},
				"Right_Arm2": {
					"rotation": {
						"0": [-71.87242, 19.6835, 3.61644]
					}
				},
				"Left_Arm2": {
					"rotation": {
						"0": [-73.612, 15.54585, -1.95014]
					}
				}
			}
		},
		"test": {
			"loop": true
		},
		"walk": {
			"loop": true,
			"animation_length": 1,
			"bones": {
				"wheelRight": {
					"rotation": {
						"0": [0, 0, 0],
						"1": [-362.5, 0, 0]
					}
				},
				"wheelLeft": {
					"rotation": {
						"0": [0, 0, 0],
						"1": [357.5, 0, 0]
					}
				},
				"bone2": {
					"rotation": {
						"0": [0, 0, 0],
						"1": [0, 0, 0],
						"0.25": [-5, 0, 0],
						"0.5": [0, 0, 0],
						"0.75": [-5, 0, 0]
					}
				},
				"crew": {
					"position": {
						"0": [0, 0, 2],
						"1": [0, 0, 2],
						"0.25": [0, -2, 2],
						"0.5": [0, 0, 2],
						"0.75": [0, -2, 2]
					}
				},
				"Left Arm": {
					"rotation": {
						"0": [-77.5, 20, 0]
					}
				},
				"Right Arm": {
					"rotation": {
						"0": [-77.5, 0, 0]
					},
					"position": {
						"0": [0, 0, -1]
					}
				},
				"body": {
					"rotation": {
						"0": [51.59531, 22.52101, 20.36057]
					}
				},
				"Head": {
					"rotation": {
						"0": [-50.18944, -20.25437, 14.97401]
					}
				},
				"Right Leg": {
					"rotation": {
						"0": [0, 0, 0],
						"1": [0, 0, 0],
						"0.25": [45, 0, 0],
						"0.5": [0, 0, 0],
						"0.75": [-45, 0, 0]
					}
				},
				"leftLeg": {
					"rotation": {
						"0": [0, 0, 0],
						"1": [0, 0, 0],